<config>
	<merchPrivKey>merchant-test-priv.pgp.asc</merchPrivKey>
	<merchKeyPass>password1</merchKeyPass>
	<netsPubKey>nets-full-pub.pgp.asc</netsPubKey>
	
	<payURL>https://test.enets.sg/enets2/PaymentListener.do</payURL>
	<queryURL>https://test.enets.sg/enets2/QueryTxnStatus.do</queryURL>
	<usePGP>true</usePGP>	
	
	<useProxy>false</useProxy>
	<proxyHost></proxyHost>
	<proxyPort></proxyPort>
	<proxyUsername></proxyUsername>
	<proxyPassword></proxyPassword>
	
	<configPath></configPath>
	<encryption>false</encryption>
</config>